<?xml version="1.0" encoding="utf-8"?>
<lom xmlns="http://www.imsglobal.org/xsd/imsmd_rootv1p2p1" xmlns:xsi="http://www.w3.org/2001/XMLSchema-instance" xsi:schemaLocation="http://www.imsglobal.org/xsd/imsmd_rootv1p2p1 imsmd_rootv1p2p1.xsd">
   <general>
      <title>
         <langstring xml:lang="en-US">Unit 1</langstring>
      </title>
      <catalogentry>
         <catalog>Numeración CAE</catalog>
         <entry>
            <langstring>M53250001_01</langstring>
         </entry>
      </catalogentry>
      <language>en-US</language>
      <description />
      <keyword>
         <langstring>none</langstring>
      </keyword>
   </general>
   <lifecycle>
      <version>
         <langstring>1.0</langstring>
      </version>
      <status>
         <source>
            <langstring xml:lang="x-none">LOMv1.0</langstring>
         </source>
         <value>
            <langstring xml:lang="x-none">Final</langstring>
         </value>
      </status>
      <contribute>
         <role>
            <source>
               <langstring xml:lang="x-none">LOMv1.0</langstring>
            </source>
            <value>
               <langstring xml:lang="x-none">Publisher</langstring>
            </value>
         </role>
         <centity>
            <vcard>BEGIN:vCard
ORG:Computer Aided Elearning, S.A.
ADR:C/ San Francisco de Borja, 14-18;Gandia;Valencia;46700;Spain
TEL:+34-962872010
EMAIL:cae@cae.net
URL:http://www.cae.net
END:vCard
</vcard>
         </centity>
      </contribute>
   </lifecycle>
   <metametadata>
      <metadatascheme>ADL SCORM 1.2</metadatascheme>
      <language>es</language>
   </metametadata>
   <technical>
      <format>application/x-msdownload</format>
      <location type="URI">./caenet.htm</location>
      <requirement>
         <type>
            <source>
               <langstring xml:lang="x-none">LOMv1.0</langstring>
            </source>
            <value>
               <langstring xml:lang="x-none">Browser</langstring>
            </value>
         </type>
         <name>
            <source>
               <langstring xml:lang="x-none">LOMv1.0</langstring>
            </source>
            <value>
               <langstring xml:lang="x-none">Microsoft Internet Explorer</langstring>
            </value>
         </name>
         <minimumversion>7.0</minimumversion>
      </requirement>
      <otherplatformrequirements>
         <langstring>Internet Explorer 7, Mozilla Firefox 2.0, Google Chrome, Apple Safari, .Net Framework 2.0, Adobe Flash plug-in, Apple iPad</langstring>
      </otherplatformrequirements>
   </technical>
   <educational>
      <interactivitytype>
         <source>
            <langstring xml:lang="x-none">LOMv1.0</langstring>
         </source>
         <value>
            <langstring xml:lang="x-none">Active</langstring>
         </value>
      </interactivitytype>
      <learningresourcetype>
         <source>
            <langstring xml:lang="x-none">LOMv1.0</langstring>
         </source>
         <value>
            <langstring xml:lang="x-none">Simulation</langstring>
         </value>
      </learningresourcetype>
      <learningresourcetype>
         <source>
            <langstring xml:lang="x-none">LOMv1.0</langstring>
         </source>
         <value>
            <langstring xml:lang="x-none">Exercise</langstring>
         </value>
      </learningresourcetype>
      <learningresourcetype>
         <source>
            <langstring xml:lang="x-none">LOMv1.0</langstring>
         </source>
         <value>
            <langstring xml:lang="x-none">Questionnaire</langstring>
         </value>
      </learningresourcetype>
      <interactivitylevel>
         <source>
            <langstring xml:lang="x-none">LOMv1.0</langstring>
         </source>
         <value>
            <langstring xml:lang="x-none">very high</langstring>
         </value>
      </interactivitylevel>
      <language>en-US</language>
   </educational>
   <rights>
      <cost>
         <source>
            <langstring xml:lang="x-none">LOMv1.0</langstring>
         </source>
         <value>
            <langstring xml:lang="x-none">yes</langstring>
         </value>
      </cost>
      <copyrightandotherrestrictions>
         <source>
            <langstring xml:lang="x-none">LOMv1.0</langstring>
         </source>
         <value>
            <langstring xml:lang="x-none">yes</langstring>
         </value>
      </copyrightandotherrestrictions>
      <description>
         <langstring>Copyright Computer Aided Elearning, S.A.</langstring>
      </description>
   </rights>
   <classification>
      <purpose>
         <source>
            <langstring xml:lang="x-none">LOMv1.0</langstring>
         </source>
         <value>
            <langstring xml:lang="x-none">Skill Level</langstring>
         </value>
      </purpose>
      <taxonpath>
         <source>
            <langstring>Computer Aided Elearning, S.A.</langstring>
         </source>
         <taxon>
            <entry>
               <langstring>MÓDULO</langstring>
            </entry>
         </taxon>
      </taxonpath>
      <description>
         <langstring>Los usuarios adquirirán la práctica, conocimientos y habilidades necesarios para desarrollar su labor profesional y/o particular.</langstring>
      </description>
      <keyword>
         <langstring>Contenido multimedia</langstring>
      </keyword>
      <keyword>
         <langstring>E-learning</langstring>
      </keyword>
   </classification>
</lom>