<?xml version="1.0" encoding="utf-8"?>
<manifest identifier="Manifest53250001" xmlns="http://www.imsproject.org/xsd/imscp_rootv1p1p2" xmlns:adlcp="http://www.adlnet.org/xsd/adlcp_rootv1p2" xmlns:xsi="http://www.w3.org/2001/XMLSchema-instance" xsi:schemaLocation="http://www.imsproject.org/xsd/imscp_rootv1p1p2 imscp_rootv1p1p2.xsd http://www.imsglobal.org/xsd/imsmd_rootv1p2p1 imsmd_rootv1p2p1.xsd http://www.adlnet.org/xsd/adlcp_rootv1p2 adlcp_rootv1p2.xsd">
   <organizations default="C53250001">
      <organization identifier="C53250001">
         <title>American Dexway Communicate - Level A1 - Course 1</title>
         <item identifier="M53250001_01" isvisible="true">
            <title>Unit 1</title>
            <item identifier="L53250001_01_01" identifierref="R-L53250001_01_01" isvisible="true">
               <title>Greetings</title>
               <metadata>
                  <schema>ADL SCORM</schema>
                  <schemaversion>1.2</schemaversion>
                  <adlcp:location>./MetaData/L53250001_01_01.xml</adlcp:location>
               </metadata>
               <adlcp:masteryscore>50.00</adlcp:masteryscore>
            </item>
            <item identifier="L53250001_01_02" identifierref="R-L53250001_01_02" isvisible="true">
               <title>People</title>
               <metadata>
                  <schema>ADL SCORM</schema>
                  <schemaversion>1.2</schemaversion>
                  <adlcp:location>./MetaData/L53250001_01_02.xml</adlcp:location>
               </metadata>
               <adlcp:masteryscore>50.00</adlcp:masteryscore>
            </item>
            <item identifier="L53250001_01_03" identifierref="R-L53250001_01_03" isvisible="true">
               <title>Introducing yourself</title>
               <metadata>
                  <schema>ADL SCORM</schema>
                  <schemaversion>1.2</schemaversion>
                  <adlcp:location>./MetaData/L53250001_01_03.xml</adlcp:location>
               </metadata>
               <adlcp:masteryscore>50.00</adlcp:masteryscore>
            </item>
            <metadata>
               <schema>ADL SCORM</schema>
               <schemaversion>1.2</schemaversion>
               <adlcp:location>./MetaData/M53250001_01.xml</adlcp:location>
            </metadata>
         </item>
         <item identifier="M53250001_02" isvisible="true">
            <title>Unit 2</title>
            <item identifier="L53250001_02_01" identifierref="R-L53250001_02_01" isvisible="true">
               <title>How old are you?</title>
               <metadata>
                  <schema>ADL SCORM</schema>
                  <schemaversion>1.2</schemaversion>
                  <adlcp:location>./MetaData/L53250001_02_01.xml</adlcp:location>
               </metadata>
               <adlcp:masteryscore>50.00</adlcp:masteryscore>
            </item>
            <item identifier="L53250001_02_02" identifierref="R-L53250001_02_02" isvisible="true">
               <title>How are the children?</title>
               <metadata>
                  <schema>ADL SCORM</schema>
                  <schemaversion>1.2</schemaversion>
                  <adlcp:location>./MetaData/L53250001_02_02.xml</adlcp:location>
               </metadata>
               <adlcp:masteryscore>50.00</adlcp:masteryscore>
            </item>
            <item identifier="L53250001_02_03" identifierref="R-L53250001_02_03" isvisible="true">
               <title>Happy birthday!</title>
               <metadata>
                  <schema>ADL SCORM</schema>
                  <schemaversion>1.2</schemaversion>
                  <adlcp:location>./MetaData/L53250001_02_03.xml</adlcp:location>
               </metadata>
               <adlcp:masteryscore>50.00</adlcp:masteryscore>
            </item>
            <metadata>
               <schema>ADL SCORM</schema>
               <schemaversion>1.2</schemaversion>
               <adlcp:location>./MetaData/M53250001_02.xml</adlcp:location>
            </metadata>
         </item>
         <item identifier="M53250001_03" isvisible="true">
            <title>Unit 3</title>
            <item identifier="L53250001_03_01" identifierref="R-L53250001_03_01" isvisible="true">
               <title>Meeting new people</title>
               <metadata>
                  <schema>ADL SCORM</schema>
                  <schemaversion>1.2</schemaversion>
                  <adlcp:location>./MetaData/L53250001_03_01.xml</adlcp:location>
               </metadata>
               <adlcp:masteryscore>50.00</adlcp:masteryscore>
            </item>
            <item identifier="L53250001_03_02" identifierref="R-L53250001_03_02" isvisible="true">
               <title>Where I'm from</title>
               <metadata>
                  <schema>ADL SCORM</schema>
                  <schemaversion>1.2</schemaversion>
                  <adlcp:location>./MetaData/L53250001_03_02.xml</adlcp:location>
               </metadata>
               <adlcp:masteryscore>50.00</adlcp:masteryscore>
            </item>
            <item identifier="L53250001_03_03" identifierref="R-L53250001_03_03" isvisible="true">
               <title>Pleased to meet you</title>
               <metadata>
                  <schema>ADL SCORM</schema>
                  <schemaversion>1.2</schemaversion>
                  <adlcp:location>./MetaData/L53250001_03_03.xml</adlcp:location>
               </metadata>
               <adlcp:masteryscore>50.00</adlcp:masteryscore>
            </item>
            <metadata>
               <schema>ADL SCORM</schema>
               <schemaversion>1.2</schemaversion>
               <adlcp:location>./MetaData/M53250001_03.xml</adlcp:location>
            </metadata>
         </item>
         <item identifier="M53250001_04" isvisible="true">
            <title>Unit 4</title>
            <item identifier="L53250001_04_01" identifierref="R-L53250001_04_01" isvisible="true">
               <title>At the party</title>
               <metadata>
                  <schema>ADL SCORM</schema>
                  <schemaversion>1.2</schemaversion>
                  <adlcp:location>./MetaData/L53250001_04_01.xml</adlcp:location>
               </metadata>
               <adlcp:masteryscore>50.00</adlcp:masteryscore>
            </item>
            <item identifier="L53250001_04_02" identifierref="R-L53250001_04_02" isvisible="true">
               <title>What is this?</title>
               <metadata>
                  <schema>ADL SCORM</schema>
                  <schemaversion>1.2</schemaversion>
                  <adlcp:location>./MetaData/L53250001_04_02.xml</adlcp:location>
               </metadata>
               <adlcp:masteryscore>50.00</adlcp:masteryscore>
            </item>
            <item identifier="L53250001_04_03" identifierref="R-L53250001_04_03" isvisible="true">
               <title>Who's who</title>
               <metadata>
                  <schema>ADL SCORM</schema>
                  <schemaversion>1.2</schemaversion>
                  <adlcp:location>./MetaData/L53250001_04_03.xml</adlcp:location>
               </metadata>
               <adlcp:masteryscore>50.00</adlcp:masteryscore>
            </item>
            <metadata>
               <schema>ADL SCORM</schema>
               <schemaversion>1.2</schemaversion>
               <adlcp:location>./MetaData/M53250001_04.xml</adlcp:location>
            </metadata>
         </item>
         <item identifier="M53250001_05" isvisible="true">
            <title>Unit 5</title>
            <item identifier="L53250001_05_01" identifierref="R-L53250001_05_01" isvisible="true">
               <title>Making new friends</title>
               <metadata>
                  <schema>ADL SCORM</schema>
                  <schemaversion>1.2</schemaversion>
                  <adlcp:location>./MetaData/L53250001_05_01.xml</adlcp:location>
               </metadata>
               <adlcp:masteryscore>50.00</adlcp:masteryscore>
            </item>
            <item identifier="L53250001_05_02" identifierref="R-L53250001_05_02" isvisible="true">
               <title>Numbers and colors</title>
               <metadata>
                  <schema>ADL SCORM</schema>
                  <schemaversion>1.2</schemaversion>
                  <adlcp:location>./MetaData/L53250001_05_02.xml</adlcp:location>
               </metadata>
               <adlcp:masteryscore>50.00</adlcp:masteryscore>
            </item>
            <item identifier="L53250001_05_03" identifierref="R-L53250001_05_03" isvisible="true">
               <title>As time goes by</title>
               <metadata>
                  <schema>ADL SCORM</schema>
                  <schemaversion>1.2</schemaversion>
                  <adlcp:location>./MetaData/L53250001_05_03.xml</adlcp:location>
               </metadata>
               <adlcp:masteryscore>50.00</adlcp:masteryscore>
            </item>
            <metadata>
               <schema>ADL SCORM</schema>
               <schemaversion>1.2</schemaversion>
               <adlcp:location>./MetaData/M53250001_05.xml</adlcp:location>
            </metadata>
         </item>
         <item identifier="M53250001_06" isvisible="true">
            <title>Unit 6</title>
            <item identifier="L53250001_06_01" identifierref="R-L53250001_06_01" isvisible="true">
               <title>Shopping out of town</title>
               <metadata>
                  <schema>ADL SCORM</schema>
                  <schemaversion>1.2</schemaversion>
                  <adlcp:location>./MetaData/L53250001_06_01.xml</adlcp:location>
               </metadata>
               <adlcp:masteryscore>50.00</adlcp:masteryscore>
            </item>
            <item identifier="L53250001_06_02" identifierref="R-L53250001_06_02" isvisible="true">
               <title>On the go</title>
               <metadata>
                  <schema>ADL SCORM</schema>
                  <schemaversion>1.2</schemaversion>
                  <adlcp:location>./MetaData/L53250001_06_02.xml</adlcp:location>
               </metadata>
               <adlcp:masteryscore>50.00</adlcp:masteryscore>
            </item>
            <metadata>
               <schema>ADL SCORM</schema>
               <schemaversion>1.2</schemaversion>
               <adlcp:location>./MetaData/M53250001_06.xml</adlcp:location>
            </metadata>
         </item>
         <item identifier="M53250001_07" isvisible="true">
            <title>Unit 7</title>
            <item identifier="L53250001_07_01" identifierref="R-L53250001_07_01" isvisible="true">
               <title>Flying away - Typical situation</title>
               <metadata>
                  <schema>ADL SCORM</schema>
                  <schemaversion>1.2</schemaversion>
                  <adlcp:location>./MetaData/L53250001_07_01.xml</adlcp:location>
               </metadata>
               <adlcp:masteryscore>50.00</adlcp:masteryscore>
            </item>
            <item identifier="L53250001_07_02" identifierref="R-L53250001_07_02" isvisible="true">
               <title>Nice to meet you - Dialogue</title>
               <metadata>
                  <schema>ADL SCORM</schema>
                  <schemaversion>1.2</schemaversion>
                  <adlcp:location>./MetaData/L53250001_07_02.xml</adlcp:location>
               </metadata>
               <adlcp:masteryscore>50.00</adlcp:masteryscore>
            </item>
            <item identifier="L53250001_07_03" identifierref="R-L53250001_07_03" isvisible="true">
               <title>Making new friends - Vocabulary practice</title>
               <metadata>
                  <schema>ADL SCORM</schema>
                  <schemaversion>1.2</schemaversion>
                  <adlcp:location>./MetaData/L53250001_07_03.xml</adlcp:location>
               </metadata>
               <adlcp:masteryscore>50.00</adlcp:masteryscore>
            </item>
            <metadata>
               <schema>ADL SCORM</schema>
               <schemaversion>1.2</schemaversion>
               <adlcp:location>./MetaData/M53250001_07.xml</adlcp:location>
            </metadata>
         </item>
         <item identifier="M53250001_08" isvisible="true">
            <title>Course review</title>
            <item identifier="L53250001_08_01" identifierref="R-L53250001_08_01" isvisible="true">
               <title>Final test</title>
               <metadata>
                  <schema>ADL SCORM</schema>
                  <schemaversion>1.2</schemaversion>
                  <adlcp:location>./MetaData/L53250001_08_01.xml</adlcp:location>
               </metadata>
               <adlcp:masteryscore>50.00</adlcp:masteryscore>
            </item>
            <metadata>
               <schema>ADL SCORM</schema>
               <schemaversion>1.2</schemaversion>
               <adlcp:location>./MetaData/M53250001_08.xml</adlcp:location>
            </metadata>
         </item>
         <metadata>
            <schema>ADL SCORM</schema>
            <schemaversion>1.2</schemaversion>
            <adlcp:location>./MetaData/C53250001.xml</adlcp:location>
         </metadata>
      </organization>
   </organizations>
   <resources>
      <resource identifier="R-L53250001_01_01" type="webcontent" adlcp:scormtype="sco" href="caenet.htm?CURSO=53250001&amp;LECCION=1&amp;CURSOBASE=57038005&amp;LECCIONBASE=1&amp;CAERUNTIME=6&amp;ENCODING=UTF8&amp;CSC=2D28EF4D&amp;TITULO=American%20Dexway%20Communicate%20-%20Level%20A1%20-%20Course%201">
         <file href="caenet.htm" />
         <dependency identifierref="exec" />
      </resource>
      <resource identifier="R-L53250001_01_02" type="webcontent" adlcp:scormtype="sco" href="caenet.htm?CURSO=53250001&amp;LECCION=2&amp;CURSOBASE=57038005&amp;LECCIONBASE=2&amp;CAERUNTIME=6&amp;ENCODING=UTF8&amp;CSC=8CA8C72A&amp;TITULO=American%20Dexway%20Communicate%20-%20Level%20A1%20-%20Course%201">
         <file href="caenet.htm" />
         <dependency identifierref="exec" />
      </resource>
      <resource identifier="R-L53250001_01_03" type="webcontent" adlcp:scormtype="sco" href="caenet.htm?CURSO=53250001&amp;LECCION=3&amp;CURSOBASE=57038005&amp;LECCIONBASE=3&amp;CAERUNTIME=6&amp;ENCODING=UTF8&amp;CSC=C466D9A0&amp;TITULO=American%20Dexway%20Communicate%20-%20Level%20A1%20-%20Course%201">
         <file href="caenet.htm" />
         <dependency identifierref="exec" />
      </resource>
      <resource identifier="R-L53250001_02_01" type="webcontent" adlcp:scormtype="sco" href="caenet.htm?CURSO=53250001&amp;LECCION=4&amp;CURSOBASE=57038005&amp;LECCIONBASE=4&amp;CAERUNTIME=6&amp;ENCODING=UTF8&amp;CSC=59A2DFB0&amp;TITULO=American%20Dexway%20Communicate%20-%20Level%20A1%20-%20Course%201">
         <file href="caenet.htm" />
         <dependency identifierref="exec" />
      </resource>
      <resource identifier="R-L53250001_02_02" type="webcontent" adlcp:scormtype="sco" href="caenet.htm?CURSO=53250001&amp;LECCION=5&amp;CURSOBASE=57038005&amp;LECCIONBASE=5&amp;CAERUNTIME=6&amp;ENCODING=UTF8&amp;CSC=7ADC48E4&amp;TITULO=American%20Dexway%20Communicate%20-%20Level%20A1%20-%20Course%201">
         <file href="caenet.htm" />
         <dependency identifierref="exec" />
      </resource>
      <resource identifier="R-L53250001_02_03" type="webcontent" adlcp:scormtype="sco" href="caenet.htm?CURSO=53250001&amp;LECCION=6&amp;CURSOBASE=57038005&amp;LECCIONBASE=6&amp;CAERUNTIME=6&amp;ENCODING=UTF8&amp;CSC=525D7F10&amp;TITULO=American%20Dexway%20Communicate%20-%20Level%20A1%20-%20Course%201">
         <file href="caenet.htm" />
         <dependency identifierref="exec" />
      </resource>
      <resource identifier="R-L53250001_03_01" type="webcontent" adlcp:scormtype="sco" href="caenet.htm?CURSO=53250001&amp;LECCION=7&amp;CURSOBASE=57038005&amp;LECCIONBASE=7&amp;CAERUNTIME=6&amp;ENCODING=UTF8&amp;CSC=701FE13D&amp;TITULO=American%20Dexway%20Communicate%20-%20Level%20A1%20-%20Course%201">
         <file href="caenet.htm" />
         <dependency identifierref="exec" />
      </resource>
      <resource identifier="R-L53250001_03_02" type="webcontent" adlcp:scormtype="sco" href="caenet.htm?CURSO=53250001&amp;LECCION=8&amp;CURSOBASE=57038005&amp;LECCIONBASE=8&amp;CAERUNTIME=6&amp;ENCODING=UTF8&amp;CSC=89962BCC&amp;TITULO=American%20Dexway%20Communicate%20-%20Level%20A1%20-%20Course%201">
         <file href="caenet.htm" />
         <dependency identifierref="exec" />
      </resource>
      <resource identifier="R-L53250001_03_03" type="webcontent" adlcp:scormtype="sco" href="caenet.htm?CURSO=53250001&amp;LECCION=9&amp;CURSOBASE=57038005&amp;LECCIONBASE=9&amp;CAERUNTIME=6&amp;ENCODING=UTF8&amp;CSC=2CD1F405&amp;TITULO=American%20Dexway%20Communicate%20-%20Level%20A1%20-%20Course%201">
         <file href="caenet.htm" />
         <dependency identifierref="exec" />
      </resource>
      <resource identifier="R-L53250001_04_01" type="webcontent" adlcp:scormtype="sco" href="caenet.htm?CURSO=53250001&amp;LECCION=10&amp;CURSOBASE=57038005&amp;LECCIONBASE=10&amp;CAERUNTIME=6&amp;ENCODING=UTF8&amp;CSC=500B2442&amp;TITULO=American%20Dexway%20Communicate%20-%20Level%20A1%20-%20Course%201">
         <file href="caenet.htm" />
         <dependency identifierref="exec" />
      </resource>
      <resource identifier="R-L53250001_04_02" type="webcontent" adlcp:scormtype="sco" href="caenet.htm?CURSO=53250001&amp;LECCION=11&amp;CURSOBASE=57038005&amp;LECCIONBASE=11&amp;CAERUNTIME=6&amp;ENCODING=UTF8&amp;CSC=80134483&amp;TITULO=American%20Dexway%20Communicate%20-%20Level%20A1%20-%20Course%201">
         <file href="caenet.htm" />
         <dependency identifierref="exec" />
      </resource>
      <resource identifier="R-L53250001_04_03" type="webcontent" adlcp:scormtype="sco" href="caenet.htm?CURSO=53250001&amp;LECCION=12&amp;CURSOBASE=57038005&amp;LECCIONBASE=12&amp;CAERUNTIME=6&amp;ENCODING=UTF8&amp;CSC=E14E2E73&amp;TITULO=American%20Dexway%20Communicate%20-%20Level%20A1%20-%20Course%201">
         <file href="caenet.htm" />
         <dependency identifierref="exec" />
      </resource>
      <resource identifier="R-L53250001_05_01" type="webcontent" adlcp:scormtype="sco" href="caenet.htm?CURSO=53250001&amp;LECCION=13&amp;CURSOBASE=57038046&amp;LECCIONBASE=1&amp;CAERUNTIME=6&amp;ENCODING=UTF8&amp;CSC=8A7BFA7D&amp;TITULO=American%20Dexway%20Communicate%20-%20Level%20A1%20-%20Course%201">
         <file href="caenet.htm" />
         <dependency identifierref="exec" />
      </resource>
      <resource identifier="R-L53250001_05_02" type="webcontent" adlcp:scormtype="sco" href="caenet.htm?CURSO=53250001&amp;LECCION=14&amp;CURSOBASE=57038046&amp;LECCIONBASE=2&amp;CAERUNTIME=6&amp;ENCODING=UTF8&amp;CSC=D5073F22&amp;TITULO=American%20Dexway%20Communicate%20-%20Level%20A1%20-%20Course%201">
         <file href="caenet.htm" />
         <dependency identifierref="exec" />
      </resource>
      <resource identifier="R-L53250001_05_03" type="webcontent" adlcp:scormtype="sco" href="caenet.htm?CURSO=53250001&amp;LECCION=15&amp;CURSOBASE=57038046&amp;LECCIONBASE=3&amp;CAERUNTIME=6&amp;ENCODING=UTF8&amp;CSC=F0116867&amp;TITULO=American%20Dexway%20Communicate%20-%20Level%20A1%20-%20Course%201">
         <file href="caenet.htm" />
         <dependency identifierref="exec" />
      </resource>
      <resource identifier="R-L53250001_06_01" type="webcontent" adlcp:scormtype="sco" href="caenet.htm?CURSO=53250001&amp;LECCION=16&amp;CURSOBASE=57038046&amp;LECCIONBASE=4&amp;CAERUNTIME=6&amp;ENCODING=UTF8&amp;CSC=7ACAB699&amp;TITULO=American%20Dexway%20Communicate%20-%20Level%20A1%20-%20Course%201">
         <file href="caenet.htm" />
         <dependency identifierref="exec" />
      </resource>
      <resource identifier="R-L53250001_06_02" type="webcontent" adlcp:scormtype="sco" href="caenet.htm?CURSO=53250001&amp;LECCION=17&amp;CURSOBASE=57038046&amp;LECCIONBASE=5&amp;CAERUNTIME=6&amp;ENCODING=UTF8&amp;CSC=B366A29C&amp;TITULO=American%20Dexway%20Communicate%20-%20Level%20A1%20-%20Course%201">
         <file href="caenet.htm" />
         <dependency identifierref="exec" />
      </resource>
      <resource identifier="R-L53250001_07_01" type="webcontent" adlcp:scormtype="sco" href="caenet.htm?CURSO=53250001&amp;LECCION=18&amp;CURSOBASE=57038044&amp;LECCIONBASE=1&amp;CAERUNTIME=6&amp;ENCODING=UTF8&amp;CSC=62B148C1&amp;TITULO=American%20Dexway%20Communicate%20-%20Level%20A1%20-%20Course%201">
         <file href="caenet.htm" />
         <dependency identifierref="exec" />
      </resource>
      <resource identifier="R-L53250001_07_02" type="webcontent" adlcp:scormtype="sco" href="caenet.htm?CURSO=53250001&amp;LECCION=19&amp;CURSOBASE=57038044&amp;LECCIONBASE=2&amp;CAERUNTIME=6&amp;ENCODING=UTF8&amp;CSC=88428D7C&amp;TITULO=American%20Dexway%20Communicate%20-%20Level%20A1%20-%20Course%201">
         <file href="caenet.htm" />
         <dependency identifierref="exec" />
      </resource>
      <resource identifier="R-L53250001_07_03" type="webcontent" adlcp:scormtype="sco" href="caenet.htm?CURSO=53250001&amp;LECCION=20&amp;CURSOBASE=57038005&amp;LECCIONBASE=31&amp;CAERUNTIME=6&amp;ENCODING=UTF8&amp;CSC=DB72C8DF&amp;TITULO=American%20Dexway%20Communicate%20-%20Level%20A1%20-%20Course%201">
         <file href="caenet.htm" />
         <dependency identifierref="exec" />
      </resource>
      <resource identifier="R-L53250001_08_01" type="webcontent" adlcp:scormtype="sco" href="caenet.htm?CURSO=53250001&amp;LECCION=21&amp;CURSOBASE=57038041&amp;LECCIONBASE=2&amp;CAERUNTIME=7&amp;ENCODING=UTF8&amp;CSC=2D62EF63&amp;TITULO=American%20Dexway%20Communicate%20-%20Level%20A1%20-%20Course%201">
         <file href="caenet.htm" />
         <dependency identifierref="exec" />
      </resource>
      <resource identifier="exec" type="webcontent" adlcp:scormtype="asset" xml:base="./">
         <file href="course.htm" />
         <file href="audioplayer.swf" />
      </resource>
   </resources>
</manifest>